-- 005_seed_data.sql
-- Seed data for all 12 lookup/dropdown tables
-- Tenant ID: 432ba247-0944-40e8-a94f-e58603859020
-- Uses fixed UUIDs so foreign keys can reference across tables

DO $$
DECLARE
    tid UUID := '432ba247-0944-40e8-a94f-e58603859020';
BEGIN

-- ============================================================
-- 1. COUNTRIES (~30 countries)
-- ============================================================
INSERT INTO countries (id, tenant_id, name, name_en, code, phone_code, status, sort_order, extra_fields) VALUES
    ('a0000001-0000-0000-0000-000000000001', tid, '中國', 'China', 'CN', '+86', 'active', 1, '{}'),
    ('a0000001-0000-0000-0000-000000000002', tid, '香港', 'Hong Kong', 'HK', '+852', 'active', 2, '{}'),
    ('a0000001-0000-0000-0000-000000000003', tid, '台灣', 'Taiwan', 'TW', '+886', 'active', 3, '{}'),
    ('a0000001-0000-0000-0000-000000000004', tid, '日本', 'Japan', 'JP', '+81', 'active', 4, '{}'),
    ('a0000001-0000-0000-0000-000000000005', tid, '韓國', 'South Korea', 'KR', '+82', 'active', 5, '{}'),
    ('a0000001-0000-0000-0000-000000000006', tid, '美國', 'United States', 'US', '+1', 'active', 6, '{}'),
    ('a0000001-0000-0000-0000-000000000007', tid, '英國', 'United Kingdom', 'GB', '+44', 'active', 7, '{}'),
    ('a0000001-0000-0000-0000-000000000008', tid, '澳洲', 'Australia', 'AU', '+61', 'active', 8, '{}'),
    ('a0000001-0000-0000-0000-000000000009', tid, '新加坡', 'Singapore', 'SG', '+65', 'active', 9, '{}'),
    ('a0000001-0000-0000-0000-000000000010', tid, '馬來西亞', 'Malaysia', 'MY', '+60', 'active', 10, '{}'),
    ('a0000001-0000-0000-0000-000000000011', tid, '泰國', 'Thailand', 'TH', '+66', 'active', 11, '{}'),
    ('a0000001-0000-0000-0000-000000000012', tid, '越南', 'Vietnam', 'VN', '+84', 'active', 12, '{}'),
    ('a0000001-0000-0000-0000-000000000013', tid, '菲律賓', 'Philippines', 'PH', '+63', 'active', 13, '{}'),
    ('a0000001-0000-0000-0000-000000000014', tid, '印尼', 'Indonesia', 'ID', '+62', 'active', 14, '{}'),
    ('a0000001-0000-0000-0000-000000000015', tid, '加拿大', 'Canada', 'CA', '+1', 'active', 15, '{}'),
    ('a0000001-0000-0000-0000-000000000016', tid, '德國', 'Germany', 'DE', '+49', 'active', 16, '{}'),
    ('a0000001-0000-0000-0000-000000000017', tid, '法國', 'France', 'FR', '+33', 'active', 17, '{}'),
    ('a0000001-0000-0000-0000-000000000018', tid, '義大利', 'Italy', 'IT', '+39', 'active', 18, '{}'),
    ('a0000001-0000-0000-0000-000000000019', tid, '西班牙', 'Spain', 'ES', '+34', 'active', 19, '{}'),
    ('a0000001-0000-0000-0000-000000000020', tid, '荷蘭', 'Netherlands', 'NL', '+31', 'active', 20, '{}'),
    ('a0000001-0000-0000-0000-000000000021', tid, '俄羅斯', 'Russia', 'RU', '+7', 'active', 21, '{}'),
    ('a0000001-0000-0000-0000-000000000022', tid, '阿聯酋', 'United Arab Emirates', 'AE', '+971', 'active', 22, '{}'),
    ('a0000001-0000-0000-0000-000000000023', tid, '沙烏地阿拉伯', 'Saudi Arabia', 'SA', '+966', 'active', 23, '{}'),
    ('a0000001-0000-0000-0000-000000000024', tid, '印度', 'India', 'IN', '+91', 'active', 24, '{}'),
    ('a0000001-0000-0000-0000-000000000025', tid, '巴西', 'Brazil', 'BR', '+55', 'active', 25, '{}'),
    ('a0000001-0000-0000-0000-000000000026', tid, '紐西蘭', 'New Zealand', 'NZ', '+64', 'active', 26, '{}'),
    ('a0000001-0000-0000-0000-000000000027', tid, '柬埔寨', 'Cambodia', 'KH', '+855', 'active', 27, '{}'),
    ('a0000001-0000-0000-0000-000000000028', tid, '緬甸', 'Myanmar', 'MM', '+95', 'active', 28, '{}'),
    ('a0000001-0000-0000-0000-000000000029', tid, '老撾', 'Laos', 'LA', '+856', 'active', 29, '{}'),
    ('a0000001-0000-0000-0000-000000000030', tid, '土耳其', 'Turkey', 'TR', '+90', 'active', 30, '{}')
ON CONFLICT (id) DO NOTHING;

-- ============================================================
-- 2. CURRENCIES (~12 currencies)
-- ============================================================
INSERT INTO currencies (id, tenant_id, name, code, symbol, exchange_rate, is_default, status, extra_fields) VALUES
    ('b0000001-0000-0000-0000-000000000001', tid, '人民幣', 'CNY', '¥', 1.000000, true, 'active', '{}'),
    ('b0000001-0000-0000-0000-000000000002', tid, '美元', 'USD', '$', 7.250000, false, 'active', '{}'),
    ('b0000001-0000-0000-0000-000000000003', tid, '港幣', 'HKD', 'HK$', 0.927000, false, 'active', '{}'),
    ('b0000001-0000-0000-0000-000000000004', tid, '新台幣', 'TWD', 'NT$', 0.224000, false, 'active', '{}'),
    ('b0000001-0000-0000-0000-000000000005', tid, '日圓', 'JPY', '¥', 0.048500, false, 'active', '{}'),
    ('b0000001-0000-0000-0000-000000000006', tid, '歐元', 'EUR', '€', 7.890000, false, 'active', '{}'),
    ('b0000001-0000-0000-0000-000000000007', tid, '英鎊', 'GBP', '£', 9.180000, false, 'active', '{}'),
    ('b0000001-0000-0000-0000-000000000008', tid, '新加坡幣', 'SGD', 'S$', 5.420000, false, 'active', '{}'),
    ('b0000001-0000-0000-0000-000000000009', tid, '馬來西亞令吉', 'MYR', 'RM', 1.540000, false, 'active', '{}'),
    ('b0000001-0000-0000-0000-000000000010', tid, '澳幣', 'AUD', 'A$', 4.730000, false, 'active', '{}'),
    ('b0000001-0000-0000-0000-000000000011', tid, '韓圓', 'KRW', '₩', 0.005300, false, 'active', '{}'),
    ('b0000001-0000-0000-0000-000000000012', tid, '泰銖', 'THB', '฿', 0.204000, false, 'active', '{}')
ON CONFLICT (id) DO NOTHING;

-- ============================================================
-- 3. WAREHOUSES (5 warehouses, referencing country UUIDs)
-- ============================================================
INSERT INTO warehouses (id, tenant_id, name, code, country_id, address, phone, contact_person, status, is_default, extra_fields) VALUES
    ('c0000001-0000-0000-0000-000000000001', tid, '廣州倉', 'GZ01',
     'a0000001-0000-0000-0000-000000000001', '廣東省廣州市白雲區太和鎮大源村XX號', '020-88888888', '張經理', 'active', true, '{}'),
    ('c0000001-0000-0000-0000-000000000002', tid, '深圳倉', 'SZ01',
     'a0000001-0000-0000-0000-000000000001', '廣東省深圳市寶安區福永街道XX號', '0755-66666666', '李經理', 'active', false, '{}'),
    ('c0000001-0000-0000-0000-000000000003', tid, '香港倉', 'HK01',
     'a0000001-0000-0000-0000-000000000002', '香港新界葵涌貨櫃碼頭XX號', '+852-23456789', '王經理', 'active', false, '{}'),
    ('c0000001-0000-0000-0000-000000000004', tid, '東莞倉', 'DG01',
     'a0000001-0000-0000-0000-000000000001', '廣東省東莞市虎門鎮XX工業區', '0769-55555555', '陳經理', 'active', false, '{}'),
    ('c0000001-0000-0000-0000-000000000005', tid, '義烏倉', 'YW01',
     'a0000001-0000-0000-0000-000000000001', '浙江省義烏市北苑街道XX號', '0579-44444444', '劉經理', 'active', false, '{}')
ON CONFLICT (id) DO NOTHING;

-- ============================================================
-- 4. PACKAGE CATEGORIES (10 categories)
-- ============================================================
INSERT INTO package_categories (id, tenant_id, name, description, status, sort_order, extra_fields) VALUES
    ('d0000001-0000-0000-0000-000000000001', tid, '普貨', '一般普通貨物，無特殊限制', 'active', 1, '{}'),
    ('d0000001-0000-0000-0000-000000000002', tid, '食品', '食品類商品，需注意保質期', 'active', 2, '{}'),
    ('d0000001-0000-0000-0000-000000000003', tid, '電子產品', '電子設備及配件，含電池需特殊處理', 'active', 3, '{}'),
    ('d0000001-0000-0000-0000-000000000004', tid, '化妝品', '護膚品、彩妝等化妝品類', 'active', 4, '{}'),
    ('d0000001-0000-0000-0000-000000000005', tid, '液體', '液體類商品，需防漏包裝', 'active', 5, '{}'),
    ('d0000001-0000-0000-0000-000000000006', tid, '粉末', '粉末類商品，需密封包裝', 'active', 6, '{}'),
    ('d0000001-0000-0000-0000-000000000007', tid, '衣物', '服裝鞋帽等紡織品', 'active', 7, '{}'),
    ('d0000001-0000-0000-0000-000000000008', tid, '鞋類', '各類鞋子', 'active', 8, '{}'),
    ('d0000001-0000-0000-0000-000000000009', tid, '書籍', '書籍、文具等印刷品', 'active', 9, '{}'),
    ('d0000001-0000-0000-0000-000000000010', tid, '其他', '其他未分類商品', 'active', 10, '{}')
ON CONFLICT (id) DO NOTHING;

-- ============================================================
-- 5. ROUTE CATEGORIES (5 categories)
-- ============================================================
INSERT INTO route_categories (id, tenant_id, name, description, status, sort_order, extra_fields) VALUES
    ('e0000001-0000-0000-0000-000000000001', tid, '空運專線', '航空運輸，速度快', 'active', 1, '{}'),
    ('e0000001-0000-0000-0000-000000000002', tid, '海運專線', '海上運輸，價格實惠', 'active', 2, '{}'),
    ('e0000001-0000-0000-0000-000000000003', tid, '陸運專線', '陸路運輸，適用鄰近地區', 'active', 3, '{}'),
    ('e0000001-0000-0000-0000-000000000004', tid, '快遞專線', '國際快遞，時效穩定', 'active', 4, '{}'),
    ('e0000001-0000-0000-0000-000000000005', tid, '特貨專線', '特殊貨物專用線路', 'active', 5, '{}')
ON CONFLICT (id) DO NOTHING;

-- ============================================================
-- 6. SHIPPING ROUTES (8 routes)
-- ============================================================
INSERT INTO shipping_routes (id, tenant_id, name, origin_country_id, destination_country_id, origin_warehouse_id, destination_warehouse_id, category_id, transport_mode, billing_mode, weight_unit, volume_weight_ratio, rounding_rule, multi_box_mode, estimated_days, status, sort_order, extra_fields) VALUES
    ('f0000001-0000-0000-0000-000000000001', tid, '中國→台灣 空運普貨',
     'a0000001-0000-0000-0000-000000000001', 'a0000001-0000-0000-0000-000000000003',
     'c0000001-0000-0000-0000-000000000001', NULL,
     'e0000001-0000-0000-0000-000000000001',
     'air', 'weight', 'KG', 5000, 'round_up', 'separate', 3, 'active', 1, '{}'),
    ('f0000001-0000-0000-0000-000000000002', tid, '中國→台灣 海運',
     'a0000001-0000-0000-0000-000000000001', 'a0000001-0000-0000-0000-000000000003',
     'c0000001-0000-0000-0000-000000000002', NULL,
     'e0000001-0000-0000-0000-000000000002',
     'sea', 'volume', 'KG', 5000, 'round_up', 'merge', 10, 'active', 2, '{}'),
    ('f0000001-0000-0000-0000-000000000003', tid, '中國→日本 空運',
     'a0000001-0000-0000-0000-000000000001', 'a0000001-0000-0000-0000-000000000004',
     'c0000001-0000-0000-0000-000000000001', NULL,
     'e0000001-0000-0000-0000-000000000001',
     'air', 'weight', 'KG', 5000, 'round_up', 'separate', 4, 'active', 3, '{}'),
    ('f0000001-0000-0000-0000-000000000004', tid, '中國→韓國 快遞',
     'a0000001-0000-0000-0000-000000000001', 'a0000001-0000-0000-0000-000000000005',
     'c0000001-0000-0000-0000-000000000001', NULL,
     'e0000001-0000-0000-0000-000000000004',
     'express', 'weight', 'KG', 5000, 'round_up', 'separate', 5, 'active', 4, '{}'),
    ('f0000001-0000-0000-0000-000000000005', tid, '中國→馬來西亞 海運',
     'a0000001-0000-0000-0000-000000000001', 'a0000001-0000-0000-0000-000000000010',
     'c0000001-0000-0000-0000-000000000002', NULL,
     'e0000001-0000-0000-0000-000000000002',
     'sea', 'weight', 'KG', 5000, 'round_up', 'merge', 12, 'active', 5, '{}'),
    ('f0000001-0000-0000-0000-000000000006', tid, '中國→新加坡 空運',
     'a0000001-0000-0000-0000-000000000001', 'a0000001-0000-0000-0000-000000000009',
     'c0000001-0000-0000-0000-000000000001', NULL,
     'e0000001-0000-0000-0000-000000000001',
     'air', 'weight', 'KG', 5000, 'round_up', 'separate', 4, 'active', 6, '{}'),
    ('f0000001-0000-0000-0000-000000000007', tid, '中國→美國 快遞',
     'a0000001-0000-0000-0000-000000000001', 'a0000001-0000-0000-0000-000000000006',
     'c0000001-0000-0000-0000-000000000004', NULL,
     'e0000001-0000-0000-0000-000000000004',
     'express', 'weight', 'KG', 5000, 'round_up', 'separate', 7, 'active', 7, '{}'),
    ('f0000001-0000-0000-0000-000000000008', tid, '中國→澳洲 海運特貨',
     'a0000001-0000-0000-0000-000000000001', 'a0000001-0000-0000-0000-000000000008',
     'c0000001-0000-0000-0000-000000000005', NULL,
     'e0000001-0000-0000-0000-000000000005',
     'sea', 'weight', 'KG', 5000, 'round_up', 'merge', 18, 'active', 8, '{}')
ON CONFLICT (id) DO NOTHING;

-- ============================================================
-- 7. LOGISTICS COMPANIES (8 companies)
-- ============================================================
INSERT INTO logistics_companies (id, tenant_id, name, code, contact_person, phone, email, website, tracking_url, status, sort_order, extra_fields) VALUES
    ('70000001-0000-0000-0000-000000000001', tid, '順豐速運', 'SF', '客服部', '95338', 'service@sf-express.com', 'https://www.sf-express.com', 'https://www.sf-express.com/cn/sc/dynamic_function/waybill/#search/bill-number/{tracking_no}', 'active', 1, '{}'),
    ('70000001-0000-0000-0000-000000000002', tid, '中通快遞', 'ZTO', '客服部', '95311', 'service@zto.com', 'https://www.zto.com', 'https://www.zto.com/express/expressSearch.html?billcode={tracking_no}', 'active', 2, '{}'),
    ('70000001-0000-0000-0000-000000000003', tid, '圓通速遞', 'YTO', '客服部', '95554', 'service@yto.net.cn', 'https://www.yto.net.cn', 'https://www.yto.net.cn/track/query?orderNo={tracking_no}', 'active', 3, '{}'),
    ('70000001-0000-0000-0000-000000000004', tid, 'EMS', 'EMS', '客服部', '11183', 'service@ems.com.cn', 'https://www.ems.com.cn', 'https://www.ems.com.cn/queryList?mailNo={tracking_no}', 'active', 4, '{}'),
    ('70000001-0000-0000-0000-000000000005', tid, 'DHL', 'DHL', 'Customer Service', '+86-400-810-8000', 'service@dhl.com', 'https://www.dhl.com', 'https://www.dhl.com/cn-zh/home/tracking.html?tracking-id={tracking_no}', 'active', 5, '{}'),
    ('70000001-0000-0000-0000-000000000006', tid, 'FedEx', 'FEDEX', 'Customer Service', '+86-400-886-1888', 'service@fedex.com', 'https://www.fedex.com', 'https://www.fedex.com/fedextrack/?trknbr={tracking_no}', 'active', 6, '{}'),
    ('70000001-0000-0000-0000-000000000007', tid, 'UPS', 'UPS', 'Customer Service', '+86-400-820-8388', 'service@ups.com', 'https://www.ups.com', 'https://www.ups.com/track?tracknum={tracking_no}', 'active', 7, '{}'),
    ('70000001-0000-0000-0000-000000000008', tid, '中國郵政', 'CHINAPOST', '客服部', '11185', 'service@chinapost.com.cn', 'https://www.chinapost.com.cn', 'https://yjcx.chinapost.com.cn/qps/showMailDetail?mailNo={tracking_no}', 'active', 8, '{}')
ON CONFLICT (id) DO NOTHING;

-- ============================================================
-- 8. INSURANCE PRODUCTS (4 tiers)
-- ============================================================
INSERT INTO insurance_products (id, tenant_id, name, description, premium_rate, min_premium, max_coverage, status, sort_order, extra_fields) VALUES
    ('80000001-0000-0000-0000-000000000001', tid, '基礎保障', '基本運輸保障，適用低價值貨物', 0.0100, 2.00, 500.00, 'active', 1, '{}'),
    ('80000001-0000-0000-0000-000000000002', tid, '標準保障', '標準運輸保障，適用一般貨物', 0.0200, 5.00, 2000.00, 'active', 2, '{}'),
    ('80000001-0000-0000-0000-000000000003', tid, '高級保障', '全面運輸保障，適用高價值貨物', 0.0300, 10.00, 10000.00, 'active', 3, '{}'),
    ('80000001-0000-0000-0000-000000000004', tid, '尊享保障', '頂級運輸保障，全額賠付', 0.0500, 20.00, 50000.00, 'active', 4, '{}')
ON CONFLICT (id) DO NOTHING;

-- ============================================================
-- 9. MEMBER LEVELS (5 levels)
-- ============================================================
INSERT INTO member_levels (id, tenant_id, name, code, discount_rate, min_spend, sort_order, status, extra_fields) VALUES
    ('90000001-0000-0000-0000-000000000001', tid, '普通會員', 'NORMAL', 0.00, 0.00, 1, 'active', '{}'),
    ('90000001-0000-0000-0000-000000000002', tid, '銀卡會員', 'SILVER', 2.00, 500.00, 2, 'active', '{}'),
    ('90000001-0000-0000-0000-000000000003', tid, '金卡會員', 'GOLD', 5.00, 2000.00, 3, 'active', '{}'),
    ('90000001-0000-0000-0000-000000000004', tid, '鑽石會員', 'DIAMOND', 8.00, 5000.00, 4, 'active', '{}'),
    ('90000001-0000-0000-0000-000000000005', tid, 'VIP會員', 'VIP', 10.00, 10000.00, 5, 'active', '{}')
ON CONFLICT (id) DO NOTHING;

-- ============================================================
-- 10. DEALER LEVELS (3 levels)
-- ============================================================
INSERT INTO dealer_levels (id, tenant_id, name, level_no, commission_rate_1, commission_rate_2, commission_rate_3, upgrade_condition, extra_fields) VALUES
    ('a1000001-0000-0000-0000-000000000001', tid, '初級經銷商', 1, 5.00, 2.00, 1.00, '{"min_orders": 10, "min_amount": 1000}', '{}'),
    ('a1000001-0000-0000-0000-000000000002', tid, '中級經銷商', 2, 8.00, 3.00, 1.50, '{"min_orders": 50, "min_amount": 5000}', '{}'),
    ('a1000001-0000-0000-0000-000000000003', tid, '高級經銷商', 3, 12.00, 5.00, 2.00, '{"min_orders": 200, "min_amount": 20000}', '{}')
ON CONFLICT (id) DO NOTHING;

-- ============================================================
-- 11. GOODS CATEGORIES (8 top-level categories)
-- ============================================================
INSERT INTO goods_categories (id, tenant_id, name, parent_id, image_url, sort_order, status, extra_fields) VALUES
    ('b1000001-0000-0000-0000-000000000001', tid, '電子數碼', NULL, '', 1, 'active', '{}'),
    ('b1000001-0000-0000-0000-000000000002', tid, '服飾鞋包', NULL, '', 2, 'active', '{}'),
    ('b1000001-0000-0000-0000-000000000003', tid, '美妝護膚', NULL, '', 3, 'active', '{}'),
    ('b1000001-0000-0000-0000-000000000004', tid, '食品保健', NULL, '', 4, 'active', '{}'),
    ('b1000001-0000-0000-0000-000000000005', tid, '家居日用', NULL, '', 5, 'active', '{}'),
    ('b1000001-0000-0000-0000-000000000006', tid, '母嬰玩具', NULL, '', 6, 'active', '{}'),
    ('b1000001-0000-0000-0000-000000000007', tid, '運動戶外', NULL, '', 7, 'active', '{}'),
    ('b1000001-0000-0000-0000-000000000008', tid, '圖書文具', NULL, '', 8, 'active', '{}')
ON CONFLICT (id) DO NOTHING;

-- Sub-categories (2-3 per parent)
INSERT INTO goods_categories (id, tenant_id, name, parent_id, image_url, sort_order, status, extra_fields) VALUES
    ('b1000001-0000-0000-0000-000000000011', tid, '手機配件', 'b1000001-0000-0000-0000-000000000001', '', 1, 'active', '{}'),
    ('b1000001-0000-0000-0000-000000000012', tid, '電腦周邊', 'b1000001-0000-0000-0000-000000000001', '', 2, 'active', '{}'),
    ('b1000001-0000-0000-0000-000000000013', tid, '智能穿戴', 'b1000001-0000-0000-0000-000000000001', '', 3, 'active', '{}'),
    ('b1000001-0000-0000-0000-000000000021', tid, '女裝', 'b1000001-0000-0000-0000-000000000002', '', 1, 'active', '{}'),
    ('b1000001-0000-0000-0000-000000000022', tid, '男裝', 'b1000001-0000-0000-0000-000000000002', '', 2, 'active', '{}'),
    ('b1000001-0000-0000-0000-000000000023', tid, '鞋靴', 'b1000001-0000-0000-0000-000000000002', '', 3, 'active', '{}'),
    ('b1000001-0000-0000-0000-000000000031', tid, '面部護理', 'b1000001-0000-0000-0000-000000000003', '', 1, 'active', '{}'),
    ('b1000001-0000-0000-0000-000000000032', tid, '彩妝', 'b1000001-0000-0000-0000-000000000003', '', 2, 'active', '{}'),
    ('b1000001-0000-0000-0000-000000000041', tid, '零食', 'b1000001-0000-0000-0000-000000000004', '', 1, 'active', '{}'),
    ('b1000001-0000-0000-0000-000000000042', tid, '保健品', 'b1000001-0000-0000-0000-000000000004', '', 2, 'active', '{}'),
    ('b1000001-0000-0000-0000-000000000051', tid, '廚房用品', 'b1000001-0000-0000-0000-000000000005', '', 1, 'active', '{}'),
    ('b1000001-0000-0000-0000-000000000052', tid, '清潔用品', 'b1000001-0000-0000-0000-000000000005', '', 2, 'active', '{}'),
    ('b1000001-0000-0000-0000-000000000061', tid, '嬰兒用品', 'b1000001-0000-0000-0000-000000000006', '', 1, 'active', '{}'),
    ('b1000001-0000-0000-0000-000000000062', tid, '玩具', 'b1000001-0000-0000-0000-000000000006', '', 2, 'active', '{}')
ON CONFLICT (id) DO NOTHING;

-- ============================================================
-- 12. FILE GROUPS (4 groups)
-- ============================================================
INSERT INTO file_groups (id, tenant_id, name, sort_order, extra_fields) VALUES
    ('c1000001-0000-0000-0000-000000000001', tid, '默認分組', 1, '{}'),
    ('c1000001-0000-0000-0000-000000000002', tid, '商品圖片', 2, '{}'),
    ('c1000001-0000-0000-0000-000000000003', tid, '廣告圖片', 3, '{}'),
    ('c1000001-0000-0000-0000-000000000004', tid, '文檔資料', 4, '{}')
ON CONFLICT (id) DO NOTHING;

END $$;
